{"cameraMode":{"drawMode":0,"name":"Shaded","section":"Shading Mode"},"sceneLighting":true,"audioPlay":false,"sceneViewState":{"m_AlwaysRefresh":false,"showFog":true,"showSkybox":true,"showFlares":true,"showImageEffects":true,"showParticleSystems":true,"showVisualEffectGraphs":true,"m_FxEnabled":true},"in2DMode":false,"pivot":{"x":284.242919921875,"y":1.0960898399353028,"z":-117.18415069580078},"rotation":{"x":0.003447627415880561,"y":-0.9956557750701904,"z":0.08383350819349289,"w":0.04095718264579773},"size":2.276336431503296,"orthographic":false}