{"cameraMode":{"drawMode":0,"name":"Shaded","section":"Shading Mode"},"sceneLighting":true,"audioPlay":false,"sceneViewState":{"m_AlwaysRefresh":false,"showFog":true,"showSkybox":true,"showFlares":true,"showImageEffects":true,"showParticleSystems":true,"showVisualEffectGraphs":true,"m_FxEnabled":true},"in2DMode":false,"pivot":{"x":-10.57209587097168,"y":99.27106475830078,"z":-18.36332130432129},"rotation":{"x":-0.010498423129320145,"y":-0.01920272223651409,"z":0.0002065042790491134,"w":-0.9997680187225342},"size":301.9931335449219,"orthographic":false}